{
  "negative": {
    "precision": 1.0,
    "recall": 1.0,
    "f1-score": 1.0,
    "support": 100,
    "confused_with": {}
  },
  "greet": {
    "precision": 0.9900990099009901,
    "recall": 1.0,
    "f1-score": 0.9950248756218906,
    "support": 100,
    "confused_with": {}
  },
  "intent_whatis": {
    "precision": 0.999000999000999,
    "recall": 1.0,
    "f1-score": 0.9995002498750626,
    "support": 1000,
    "confused_with": {}
  },
  "affirmative": {
    "precision": 1.0,
    "recall": 1.0,
    "f1-score": 1.0,
    "support": 100,
    "confused_with": {}
  },
  "intent_price": {
    "precision": 1.0,
    "recall": 0.998,
    "f1-score": 0.998998998998999,
    "support": 1000,
    "confused_with": {
      "intent_whatis": 1,
      "greet": 1
    }
  },
  "bye": {
    "precision": 1.0,
    "recall": 1.0,
    "f1-score": 1.0,
    "support": 100,
    "confused_with": {}
  },
  "micro avg": {
    "precision": 0.9991666666666666,
    "recall": 0.9991666666666666,
    "f1-score": 0.9991666666666666,
    "support": 2400
  },
  "macro avg": {
    "precision": 0.9981833348169982,
    "recall": 0.9996666666666667,
    "f1-score": 0.998920687415992,
    "support": 2400
  },
  "weighted avg": {
    "precision": 0.9991712083296242,
    "recall": 0.9991666666666666,
    "f1-score": 0.9991673901817711,
    "support": 2400
  }
}